a0e9f5d64349fb13191bc781f81f42e1,Spotify.exe
a0e9f5d64349fb13191bc781f81f42e1,svchost.exe
a0e9f5d64349fb13191bc781f81f42e1,GoogleUpdate.exe
a0e9f5d64349fb13191bc781f81f42e1,msedge.exe
a0e9f5d64349fb13191bc781f81f42e1,SystemSettings.exe
a0e9f5d64349fb13191bc781f81f42e1,SystemSettingsAdminFlows.EXE
a0e9f5d64349fb13191bc781f81f42e1,default-browser-agent.exe
a0e9f5d64349fb13191bc781f81f42e1,NvProfileUpdater.exe
a0e9f5d64349fb13191bc781f81f42e1,jusched.exe
a0e9f5d64349fb13191bc781f81f42e1,jucheck.exe
a0e9f5d64349fb13191bc781f81f42e1,SettingSyncHost.exe
a0e9f5d64349fb13191bc781f81f42e1,taskhostw.exe
a0e9f5d64349fb13191bc781f81f42e1,RuntimeBroker.exe
a0e9f5d64349fb13191bc781f81f42e1,activationUI.exe
a0e9f5d64349fb13191bc781f81f42e1,Origin.exe
10ee8d30a5d01c042afd7b2b205facc4,backgroundTaskHost.exe
10ee8d30a5d01c042afd7b2b205facc4,msedge.exe
10ee8d30a5d01c042afd7b2b205facc4,SearchApp.exe
10ee8d30a5d01c042afd7b2b205facc4,SkypeApp.exe
10ee8d30a5d01c042afd7b2b205facc4,SearchUI.exe
10ee8d30a5d01c042afd7b2b205facc4,IEXPLORE.EXE
10ee8d30a5d01c042afd7b2b205facc4,WWAHost.exe
10ee8d30a5d01c042afd7b2b205facc4,BackgroundTransferHost.exe
10ee8d30a5d01c042afd7b2b205facc4,WinStore.App.exe
10ee8d30a5d01c042afd7b2b205facc4,HxTsr.exe
10ee8d30a5d01c042afd7b2b205facc4,HxCalendarAppImm.exe
10ee8d30a5d01c042afd7b2b205facc4,YourPhone.exe
28a2c9bd18a11de089ef85a160da29e4,svchost.exe
28a2c9bd18a11de089ef85a160da29e4,SystemSettings.exe
28a2c9bd18a11de089ef85a160da29e4,GoogleUpdate.exe
28a2c9bd18a11de089ef85a160da29e4,msedge.exe
28a2c9bd18a11de089ef85a160da29e4,msedgeupdate.dll
28a2c9bd18a11de089ef85a160da29e4,NvContainer.exe
28a2c9bd18a11de089ef85a160da29e4,GamebarPresenceWriter.exe
28a2c9bd18a11de089ef85a160da29e4,RuntimeBroker.exe
28a2c9bd18a11de089ef85a160da29e4,taskhostw.exe
28a2c9bd18a11de089ef85a160da29e4,AppHostNameRegistrationVerifier.exe
1543a7c46633acf71e8401baccbd0568,MCC-Win64-Shipping.exe
1543a7c46633acf71e8401baccbd0568,svchost.exe
1543a7c46633acf71e8401baccbd0568,MpCmdRun.exe
1543a7c46633acf71e8401baccbd0568,Spotify.exe
1543a7c46633acf71e8401baccbd0568,SetupHost.exe
1138de370e523e824bbca92d049a3777,default-browser-agent.exe
1138de370e523e824bbca92d049a3777,GamebarPresenceWriter.exe
1138de370e523e824bbca92d049a3777,GoogleUpdate.exe
1138de370e523e824bbca92d049a3777,SettingSyncHost.exe
1138de370e523e824bbca92d049a3777,NvContainer.exe
b89be837a4a296476fcd758189908728,SkypeApp.exe
b89be837a4a296476fcd758189908728,SearchUI.exe
b89be837a4a296476fcd758189908728,WinStore.App.exe
b89be837a4a296476fcd758189908728,HxTsr.exe
b89be837a4a296476fcd758189908728,HxCalendarAppImm.exe
70722097d1fe1d78d8c2164640ab6df4,GoogleUpdate.exe
70722097d1fe1d78d8c2164640ab6df4,MCC-Win64-Shipping.exe
70722097d1fe1d78d8c2164640ab6df4,svchost.exe
b32309a26951912be7dba376398abc3b,chrome.exe
b32309a26951912be7dba376398abc3b,Spotify.exe
b32309a26951912be7dba376398abc3b,msedge.exe
66918128f1b9b03303d77c6f2eefd128,steamwebhelper.exe
66918128f1b9b03303d77c6f2eefd128,Spotify.exe
66918128f1b9b03303d77c6f2eefd128,chrome.exe
a795593605a13211941d44505b4d1e39,OriginWebHelperService.exe
a795593605a13211941d44505b4d1e39,Origin.exe
a795593605a13211941d44505b4d1e39,EALink.exe
44d502d471cfdb99c59bdfb0f220e5a8,Spotify.exe
44d502d471cfdb99c59bdfb0f220e5a8,chrome.exe
7f805430de1e7d98b1de033adb58cf46,chrome.exe
7f805430de1e7d98b1de033adb58cf46,Spotify.exe
8f41a697eff27e008f969cf7b5ba4117,steamwebhelper.exe
8f41a697eff27e008f969cf7b5ba4117,Spotify.exe
20dd18bdd3209ea718989030a6f93364,Origin.exe
20dd18bdd3209ea718989030a6f93364,EALink.exe
0ee78144d8ce65702180dc378e9c0740,Origin.exe
0ee78144d8ce65702180dc378e9c0740,EALink.exe
3880aa2677347a5e7279fb61a97a3492,steam.exe
554719594ba90b02ae410c297c6e50ad,steamwebhelper.exe
aa7744226c695c0b2e440419848cf700,firefox.exe
f14ec85ee5580a29f6523e24e5d3d527,firefox.exe
df208241e7f3897d4ca38cfe68eabb21,firefox.exe
a75de44db3e351bbd8d38b64c41f444e,firefox.exe
a72f351cf3c3cd1edb345f7dc071d813,firefox.exe
c199b43d41b470f8f68c5561f8f1ce3e,MCC-Win64-Shipping.exe
39cf5b7a13a764494de562add874f016,steam.exe
db95a4cb23548a635a1dfebcee9991cb,MCC-Win64-Shipping.exe
70cd50b6325011109af5cc65132ca60f,MCC-Win64-Shipping.exe
af0b643ba6479160d5fdb42c09c32b9a,Spotify.exe
9c1793a7745dbbeb227c11a990f684b9,firefox.exe
029f230ecf557eb57747b5debc47512c,firefox.exe
3cf05a4527fe8c00f228443524e3d76e,firefox.exe
af99c5134dc32b4f2e289e01ac7fe8b1,firefox.exe
bc329d2a71e749067424502f1f72e13a,firefox.exe
3b5074b1b5d032e5620f69f9f700ff0e,svchost.exe
74ad8ec6876e2e3366bfd566581ca7e8,chrome.exe
93d056782d649deb51cda44ecb714bb0,Origin.exe
d2935c58fe676744fecc8614ee5356c7,jp2launcher.exe
0eecb7b1551fba4ec03851810d31743f,EXPLORER.EXE
38cbe70b308f42da7c9980c0e1c89656,Origin.exe
8498fe4268764dbf926a38283e9d3d8f,Origin.exe
698e36219f3979420fa2581b21dac7ec,Origin.exe
ce5f3254611a8c095a3d821d44539877,Origin.exe
535aca3d99fc247509cd50933cd71d37,Titanfall2.exe
717217c022d59183bfde190cd3ff072f,Paradox Launcher
a1674500365bdd882188db63730e69a2,Paradox Launcher
f58f4c92d50fe2785d35d6e2eb8756f2,chrome.exe
3d90a696919abaf92ba5e076e4421a6a,chrome.exe
d462a233c8a4d2120a964f0f06409ad7,soffice.bin
