28a2c9bd18a11de089ef85a160da29e4,NvContainer.exe
28a2c9bd18a11de089ef85a160da29e4,GoogleUpdate.exe
28a2c9bd18a11de089ef85a160da29e4,SystemSettings.exe
28a2c9bd18a11de089ef85a160da29e4,msedgeupdate.dll
28a2c9bd18a11de089ef85a160da29e4,GamebarPresenceWriter.exe
28a2c9bd18a11de089ef85a160da29e4,taskhostw.exe
28a2c9bd18a11de089ef85a160da29e4,SystemSettingsAdminFlows.EXE
28a2c9bd18a11de089ef85a160da29e4,CompatTelRunner.exe
28a2c9bd18a11de089ef85a160da29e4,DeviceCensus.exe
28a2c9bd18a11de089ef85a160da29e4,UpdateNotificationMgr.EXE
28a2c9bd18a11de089ef85a160da29e4,qualauncher
28a2c9bd18a11de089ef85a160da29e4,SpeechModelDownload.exe
28a2c9bd18a11de089ef85a160da29e4,AppHostNameRegistrationVerifier.exe
28a2c9bd18a11de089ef85a160da29e4,USOCoreWorker.exe
28a2c9bd18a11de089ef85a160da29e4,SettingSyncHost.exe
28a2c9bd18a11de089ef85a160da29e4,RuntimeBroker.exe
28a2c9bd18a11de089ef85a160da29e4,mrt.exe
28a2c9bd18a11de089ef85a160da29e4,wuauclt.exe
28a2c9bd18a11de089ef85a160da29e4,browser_broker.EXE
28a2c9bd18a11de089ef85a160da29e4,MicrosoftEdge.exe
a0e9f5d64349fb13191bc781f81f42e1,NvProfileUpdater.exe
a0e9f5d64349fb13191bc781f81f42e1,NvTmRep.exe
a0e9f5d64349fb13191bc781f81f42e1,Spotify.exe
a0e9f5d64349fb13191bc781f81f42e1,jucheck.exe
a0e9f5d64349fb13191bc781f81f42e1,flux.exe
a0e9f5d64349fb13191bc781f81f42e1,SettingSyncHost.exe
a0e9f5d64349fb13191bc781f81f42e1,jusched.exe
a0e9f5d64349fb13191bc781f81f42e1,taskhostw.exe
a0e9f5d64349fb13191bc781f81f42e1,default-browser-agent.exe
a0e9f5d64349fb13191bc781f81f42e1,GoogleUpdate.exe
a0e9f5d64349fb13191bc781f81f42e1,msedge.exe
a0e9f5d64349fb13191bc781f81f42e1,RuntimeBroker.exe
a0e9f5d64349fb13191bc781f81f42e1,SpeechRuntime.exe
a0e9f5d64349fb13191bc781f81f42e1,DeviceCensus.exe
a0e9f5d64349fb13191bc781f81f42e1,Wireshark.exe
a0e9f5d64349fb13191bc781f81f42e1,LiteSM
a0e9f5d64349fb13191bc781f81f42e1,EDLaunch.exe
a0e9f5d64349fb13191bc781f81f42e1,activationUI.exe
a0e9f5d64349fb13191bc781f81f42e1,Origin.exe
a0e9f5d64349fb13191bc781f81f42e1,sdiagnhost.exe
1138de370e523e824bbca92d049a3777,NvContainer.exe
1138de370e523e824bbca92d049a3777,GamebarPresenceWriter.exe
1138de370e523e824bbca92d049a3777,SettingSyncHost.exe
1138de370e523e824bbca92d049a3777,default-browser-agent.exe
1138de370e523e824bbca92d049a3777,DeviceCensus.exe
1138de370e523e824bbca92d049a3777,GoogleUpdate.exe
1138de370e523e824bbca92d049a3777,SpeechRuntime.exe
1138de370e523e824bbca92d049a3777,SpeechModelDownload.exe
1138de370e523e824bbca92d049a3777,USOCoreWorker.exe
1138de370e523e824bbca92d049a3777,Wireshark.exe
1138de370e523e824bbca92d049a3777,AdobeARM.exe
1138de370e523e824bbca92d049a3777,qualauncher
1138de370e523e824bbca92d049a3777,AcroRd32.exe
1138de370e523e824bbca92d049a3777,LiteSM
1138de370e523e824bbca92d049a3777,AppHostNameRegistrationVerifier.exe
10ee8d30a5d01c042afd7b2b205facc4,backgroundTaskHost.exe
10ee8d30a5d01c042afd7b2b205facc4,SearchApp.exe
10ee8d30a5d01c042afd7b2b205facc4,SearchUI.exe
10ee8d30a5d01c042afd7b2b205facc4,HxTsr.exe
10ee8d30a5d01c042afd7b2b205facc4,YourPhone.exe
10ee8d30a5d01c042afd7b2b205facc4,WWAHost.exe
10ee8d30a5d01c042afd7b2b205facc4,IEXPLORE.EXE
10ee8d30a5d01c042afd7b2b205facc4,WinStore.App.exe
10ee8d30a5d01c042afd7b2b205facc4,EXPLORER.EXE
10ee8d30a5d01c042afd7b2b205facc4,BackgroundTransferHost.exe
10ee8d30a5d01c042afd7b2b205facc4,MicrosoftEdgeCP.exe
10ee8d30a5d01c042afd7b2b205facc4,GameBar.exe
79c9e26fe870347aca15a4b6b6aea6d0,NvContainer.exe
79c9e26fe870347aca15a4b6b6aea6d0,SpeechRuntime.exe
79c9e26fe870347aca15a4b6b6aea6d0,DeviceCensus.exe
79c9e26fe870347aca15a4b6b6aea6d0,USOCoreWorker.exe
79c9e26fe870347aca15a4b6b6aea6d0,qualauncher
79c9e26fe870347aca15a4b6b6aea6d0,GoogleUpdate.exe
66918128f1b9b03303d77c6f2eefd128,steamwebhelper.exe
66918128f1b9b03303d77c6f2eefd128,msedge.exe
66918128f1b9b03303d77c6f2eefd128,chrome.exe
66918128f1b9b03303d77c6f2eefd128,Spotify.exe
66918128f1b9b03303d77c6f2eefd128,AcroCEF.exe
66918128f1b9b03303d77c6f2eefd128,lghub
b89be837a4a296476fcd758189908728,HxTsr.exe
b89be837a4a296476fcd758189908728,SearchApp.exe
b89be837a4a296476fcd758189908728,WinStore.App.exe
b89be837a4a296476fcd758189908728,YourPhone.exe
b89be837a4a296476fcd758189908728,SearchUI.exe
b89be837a4a296476fcd758189908728,MicrosoftEdgeCP.exe
b32309a26951912be7dba376398abc3b,chrome.exe
b32309a26951912be7dba376398abc3b,Spotify.exe
b32309a26951912be7dba376398abc3b,msedge.exe
b32309a26951912be7dba376398abc3b,electron.exe
7f805430de1e7d98b1de033adb58cf46,chrome.exe
7f805430de1e7d98b1de033adb58cf46,Spotify.exe
7f805430de1e7d98b1de033adb58cf46,msedge.exe
7f805430de1e7d98b1de033adb58cf46,electron.exe
a795593605a13211941d44505b4d1e39,OriginWebHelperService.exe
a795593605a13211941d44505b4d1e39,Origin.exe
a795593605a13211941d44505b4d1e39,EALink.exe
a795593605a13211941d44505b4d1e39,OriginThinSetupInternal.exe
44d502d471cfdb99c59bdfb0f220e5a8,Spotify.exe
44d502d471cfdb99c59bdfb0f220e5a8,msedge.exe
44d502d471cfdb99c59bdfb0f220e5a8,electron.exe
44d502d471cfdb99c59bdfb0f220e5a8,chrome.exe
0ee78144d8ce65702180dc378e9c0740,Origin.exe
0ee78144d8ce65702180dc378e9c0740,EALink.exe
0ee78144d8ce65702180dc378e9c0740,OriginThinSetupInternal.exe
0eecb7b1551fba4ec03851810d31743f,EXPLORER.EXE
0eecb7b1551fba4ec03851810d31743f,IEXPLORE.EXE
0eecb7b1551fba4ec03851810d31743f,GameBar.exe
aa7744226c695c0b2e440419848cf700,firefox.exe
aa7744226c695c0b2e440419848cf700,thunderbird.exe
bd0bf25947d4a37404f0424edf4db9ad,Logitech G HUB
bd0bf25947d4a37404f0424edf4db9ad,lghub_installer.exe
a72f351cf3c3cd1edb345f7dc071d813,firefox.exe
a72f351cf3c3cd1edb345f7dc071d813,thunderbird.exe
20dd18bdd3209ea718989030a6f93364,Origin.exe
20dd18bdd3209ea718989030a6f93364,EALink.exe
ce5f3254611a8c095a3d821d44539877,Origin.exe
ce5f3254611a8c095a3d821d44539877,AcroRd32.exe
74ad8ec6876e2e3366bfd566581ca7e8,chrome.exe
74ad8ec6876e2e3366bfd566581ca7e8,Spotify.exe
38cbe70b308f42da7c9980c0e1c89656,Origin.exe
38cbe70b308f42da7c9980c0e1c89656,OriginWebHelperService.exe
3b5074b1b5d032e5620f69f9f700ff0e,LocalBridge.exe
3b5074b1b5d032e5620f69f9f700ff0e,MinecraftLauncher.exe
8f41a697eff27e008f969cf7b5ba4117,steamwebhelper.exe
8f41a697eff27e008f969cf7b5ba4117,Spotify.exe
9c1793a7745dbbeb227c11a990f684b9,firefox.exe
9c1793a7745dbbeb227c11a990f684b9,thunderbird.exe
3d90a696919abaf92ba5e076e4421a6a,chrome.exe
3d90a696919abaf92ba5e076e4421a6a,Spotify.exe
f58f4c92d50fe2785d35d6e2eb8756f2,chrome.exe
f58f4c92d50fe2785d35d6e2eb8756f2,steamwebhelper.exe
df208241e7f3897d4ca38cfe68eabb21,firefox.exe
39cf5b7a13a764494de562add874f016,steam.exe
af0b643ba6479160d5fdb42c09c32b9a,Spotify.exe
554719594ba90b02ae410c297c6e50ad,steamwebhelper.exe
93d056782d649deb51cda44ecb714bb0,Origin.exe
3880aa2677347a5e7279fb61a97a3492,steam.exe
029f230ecf557eb57747b5debc47512c,firefox.exe
8498fe4268764dbf926a38283e9d3d8f,Origin.exe
d2935c58fe676744fecc8614ee5356c7,jp2launcher.exe
a75de44db3e351bbd8d38b64c41f444e,firefox.exe
3cf05a4527fe8c00f228443524e3d76e,firefox.exe
f14ec85ee5580a29f6523e24e5d3d527,firefox.exe
698e36219f3979420fa2581b21dac7ec,Origin.exe
af99c5134dc32b4f2e289e01ac7fe8b1,firefox.exe
b592adaa596bb72a5c1ccdbecae52e3f,chrome.exe
e257f0b8a564f3816968d5c40dcc65b7,chrome.exe
a29d0d294a6236b5bf0ec2573dd4f02f,firefox.exe
ca450f8afb5c4c9c678d1c667c7482f2,electron.exe
b0d723b4189636ab4b7c8a4e6cc898c5,electron.exe
7d52c9129b8b07502d1471697c2982dd,electron.exe
080027e640f8ec6d966f79fc2f7ca551,electron.exe
1c01c1edcaa439853b74f27227cd1c00,electron.exe
bc6c386f480ee97b9d9e52d472b772d8,MinecraftLauncher.exe
2db6873021f2a95daa7de0d93a1d1bf2,javaw.exe
ee7181db614cb63ec32c96863ead1b1c,chrome.exe
1d41946c9edabcfc575f3c87774d244e,steam.exe
74954a0c86284d0d6e1c4efefe92b521,streaming_client.exe
fd8b7dec20b3f8e8d07831bf1e3e1de8,AcroCEF.exe
d462a233c8a4d2120a964f0f06409ad7,soffice.bin
5e573c9c9f8ba720ef9b18e9fce2e2f7,MinecraftLauncher.exe
54328bd36c14bd82ddaa0c04b25ed9ad,EDLaunch.exe
e9f78d7549e62f9b100f3c106bf77bef,UnravelTwo.exe
